{"cameraMode":{"drawMode":0,"name":"Shaded","section":"Shading Mode"},"sceneLighting":false,"audioPlay":false,"sceneViewState":{"m_AlwaysRefresh":false,"showFog":true,"showSkybox":true,"showFlares":true,"showImageEffects":true,"showParticleSystems":true,"showVisualEffectGraphs":true,"m_FxEnabled":true},"in2DMode":false,"pivot":{"x":4.072836399078369,"y":-0.7151708602905273,"z":-3.9511547088623049},"rotation":{"x":0.018341513350605966,"y":-0.9370917081832886,"z":0.34505152702331545,"w":0.04981314763426781},"size":24.433277130126954,"orthographic":false}